"n","component","Bias","AbsBias","RMSE","ISE"
100,"f1",0.00579532554505607,0.524668942900529,0.586276873887938,0.354748469711006
200,"f1",0.00413375214562828,0.522980504971888,0.586824282126029,0.35366127146726
400,"f1",0.00342219397367637,0.520288690273316,0.585533445503889,0.351528099328917
800,"f1",0.00429711380050656,0.524443011361981,0.593079814300141,0.359283639647877
100,"f2",-0.328830751103701,0.339186979796808,0.413568633896984,0.172529101336909
200,"f2",-0.330029106143657,0.339000868891677,0.410007564662965,0.169226779100832
400,"f2",-0.330710278027374,0.338505735121571,0.411878471587158,0.170474687474619
800,"f2",-0.330952183831337,0.339680581653682,0.415164819313344,0.173113154938354
100,"h",-0.978099353723534,1.16030633914365,1.29154050448593,1.68057098722012
200,"h",-0.955158248364895,1.16031551784675,1.30935074566945,1.73816501333964
400,"h",-0.950621946041858,1.1542826770056,1.30630666280292,1.73120687764245
800,"h",-0.94767307108106,1.14359911856163,1.29566749209424,1.70069251261111
