"replication","statistic","p_value"
1,-0.136198452020959,0.00199600798403194
2,-0.0920295395818963,0.0339321357285429
3,0.00521150036696546,0.916167664670659
4,-0.04582732869282,0.197604790419162
5,-0.0526860592276085,0.169660678642715
6,0.0400097356166727,0.321357285429142
7,-0.043852274250919,0.297405189620758
8,-0.173395126587293,0.00199600798403194
9,-0.0156345680450194,0.686626746506986
10,0.0204747155531487,0.612774451097804
11,-0.0687600086194747,0.0558882235528942
12,0.0170992188280405,0.676646706586826
13,0.0313747052477424,0.409181636726547
14,0.0228536490206425,0.560878243512974
15,-0.0204873919177584,0.612774451097804
16,0.027744799116793,0.522954091816367
17,0.0188240811020569,0.582834331337325
18,0.0244263914491307,0.506986027944112
19,0.0180208041702564,0.646706586826347
20,0.0894750746118508,0.029940119760479
21,-0.0726916272858993,0.063872255489022
22,0.160249361022555,0.00199600798403194
23,-0.100403438221007,0.00598802395209581
24,-0.128871773350379,0.00598802395209581
25,0.0325949321978611,0.359281437125749
26,-0.0377305698191367,0.317365269461078
27,-0.0278735665516269,0.465069860279441
28,-0.100256046503632,0.0119760479041916
29,0.11742792411278,0.00399201596806387
30,-0.135890114841322,0.00199600798403194
31,-0.0535205266527162,0.159680638722555
32,-0.0620960188863846,0.111776447105788
33,-0.0612905372420582,0.161676646706587
34,-0.0369406834449171,0.355289421157685
35,-0.102686196123171,0.00798403193612774
36,0.035309029863279,0.343313373253493
37,0.0601779746860857,0.117764471057884
38,0.0702138190892227,0.0499001996007984
39,-0.0794463373721448,0.0359281437125748
40,0.00262070253435219,0.936127744510978
41,0.027090718102593,0.471057884231537
42,-0.0282770936177152,0.447105788423154
43,0.0117726604609046,0.734530938123752
44,0.096579074653551,0.00798403193612774
45,0.0429765034645085,0.245508982035928
46,0.0140633221027604,0.744510978043912
47,0.140238896835902,0.00199600798403194
48,-0.0600632279658464,0.117764471057884
49,-0.0626272987287211,0.115768463073852
50,0.00739079323195709,0.854291417165669
51,-0.0315081476224938,0.397205588822355
52,-0.164067522726923,0.00199600798403194
53,-0.027546846984475,0.506986027944112
54,0.0183090474709547,0.67065868263473
55,-0.046159731223926,0.177644710578842
56,0.12236721413329,0.00199600798403194
57,-0.105670378287814,0.00598802395209581
58,0.000808252490538085,0.982035928143713
59,0.0298394162918558,0.411177644710579
60,0.106968461952663,0.00798403193612774
61,0.125691849095234,0.00199600798403194
62,-0.0156577792297199,0.67065868263473
63,0.00516591392903278,0.894211576846307
64,0.000677647706293851,0.99001996007984
65,-0.0278001763046911,0.477045908183633
66,-0.0617070685469181,0.11377245508982
67,-0.0313920883056671,0.419161676646707
68,-0.0398544516886644,0.295409181636727
69,-0.066045866462502,0.0758483033932136
70,-0.0661243437176257,0.0778443113772455
71,-0.0345323712405912,0.377245508982036
72,-0.05935240268582,0.121756487025948
73,-0.0110460542841492,0.770459081836327
74,-0.214351584842151,0.00199600798403194
75,0.084373863597937,0.029940119760479
76,-0.149453098263869,0.00199600798403194
77,-0.113956119041707,0.00399201596806387
78,-0.205418043178004,0.00199600798403194
79,0.00982823795397023,0.794411177644711
80,0.0857181022025108,0.031936127744511
81,-0.0229468816436203,0.55688622754491
82,-0.102271928375543,0.0119760479041916
83,0.0515108484020885,0.157684630738523
84,-0.0382349501229449,0.345309381237525
85,-0.0662678997489226,0.0698602794411178
86,-0.0249329089167919,0.510978043912176
87,0.0485731560715353,0.193612774451098
88,0.052654762308543,0.167664670658683
89,-0.0243936791882047,0.500998003992016
90,-0.0506157079476577,0.211576846307385
91,-0.108427347809864,0.0119760479041916
92,-0.00434102648228245,0.920159680638723
93,-0.0887711546183805,0.0179640718562874
94,0.044332052489132,0.241516966067864
95,0.0171117499960056,0.632734530938124
96,0.0409619949476757,0.221556886227545
97,-0.0444412819632598,0.245508982035928
98,-0.0282366272475263,0.475049900199601
99,0.00760812258871111,0.858283433133733
100,-0.00928193099518323,0.800399201596806
101,-0.200449685759225,0.00199600798403194
102,0.0147422514200037,0.730538922155689
103,-0.0595421703357683,0.105788423153693
104,0.0104845276067712,0.810379241516966
105,-0.10105365478564,0.00798403193612774
106,0.039584878187551,0.313373253493014
107,0.00288778347584389,0.922155688622755
108,0.0824365174663067,0.0339321357285429
109,-0.0575293001832589,0.137724550898204
110,0.0517995312575413,0.187624750499002
111,0.0573147420299982,0.153692614770459
112,-0.020745215822541,0.6187624750499
113,0.0615554466262724,0.117764471057884
114,0.018356517554227,0.642714570858283
115,-0.0537353820722128,0.187624750499002
116,0.068536883627244,0.0479041916167665
117,-0.0300720596569458,0.393213572854291
118,-0.029970094436814,0.475049900199601
119,-0.0666686916356909,0.0818363273453094
120,-0.113583167577042,0.00399201596806387
121,-0.0779654235322721,0.0499001996007984
122,0.0580993101347464,0.131736526946108
123,0.0192114322635353,0.612774451097804
124,-0.0231366757124592,0.55688622754491
125,0.0173896077583141,0.656686626746507
126,0.14997656141798,0.00199600798403194
127,0.193511864881745,0.00199600798403194
128,-0.00378745197822123,0.902195608782435
129,0.0178230490618924,0.646706586826347
130,0.198078827113339,0.00199600798403194
131,0.0421599721695653,0.283433133732535
132,-0.0564578482679697,0.143712574850299
133,-0.0648365449392135,0.103792415169661
134,0.0801940669996392,0.031936127744511
135,0.010687357182251,0.810379241516966
136,-0.0106507713551912,0.758483033932136
137,-0.0536320333230096,0.161676646706587
138,0.0889413271283134,0.0139720558882236
139,0.0190104366743168,0.606786427145709
140,-0.0621953676793382,0.0978043912175649
141,0.0147435331899943,0.678642714570858
142,-0.15100691520703,0.00199600798403194
143,0.00853492217287243,0.840319361277445
144,0.0188441178339278,0.616766467065868
145,0.0833047694152239,0.0339321357285429
146,-0.0236145883994241,0.538922155688623
147,-0.0435034241616663,0.273453093812375
148,-0.0705427113819263,0.0838323353293413
149,0.0988297198054511,0.0179640718562874
150,0.140022798297409,0.00199600798403194
151,-0.00758178634581466,0.810379241516966
152,-0.0633538785545667,0.0818363273453094
153,-0.034673859403098,0.377245508982036
154,0.0163912962965215,0.70059880239521
155,-0.0563220381726217,0.151696606786427
156,-0.168760444032321,0.00199600798403194
157,0.0253571544104517,0.493013972055888
158,0.0526604619143834,0.187624750499002
159,0.00457444249840619,0.908183632734531
160,-0.0388363011621772,0.305389221556886
161,0.0231357296299234,0.479041916167665
162,-0.10135997561752,0.00199600798403194
163,0.0390326450633323,0.301397205588822
164,0.149726362632203,0.00199600798403194
165,0.0696586999146987,0.0698602794411178
166,-0.111932386059434,0.00399201596806387
167,-0.166871529669331,0.00199600798403194
168,0.0922049719348709,0.0159680638722555
169,0.0523746206965089,0.17564870259481
170,-0.023752189518362,0.554890219560878
171,-0.0265492426210668,0.500998003992016
172,0.0273228112147487,0.439121756487026
173,-0.0922897645097382,0.0119760479041916
174,-0.112261610293086,0.00199600798403194
175,-0.147278390976997,0.00199600798403194
176,0.181944742756542,0.00199600798403194
177,-0.0983686832295731,0.0179640718562874
178,-0.0164152931434886,0.704590818363273
179,-0.0206499371929914,0.564870259481038
180,-0.0253566196031325,0.518962075848303
181,0.047973622095301,0.221556886227545
182,-0.0826609086369209,0.0439121756487026
183,-0.0927493846691203,0.0119760479041916
184,-0.0308033654074147,0.397205588822355
185,0.0130208058830287,0.710578842315369
186,0.125952851878528,0.00399201596806387
187,0.0580043427979978,0.143712574850299
188,-0.160218127046117,0.00199600798403194
189,-0.0254028707047909,0.50499001996008
190,0.011879055898314,0.7624750499002
191,0.0124724121739006,0.718562874251497
192,0.00627464981653468,0.874251497005988
193,-0.0432042669871141,0.259481037924152
194,-0.0269173406046819,0.500998003992016
195,-0.151254869154049,0.00199600798403194
196,0.209974840445711,0.00199600798403194
197,0.0488329749874907,0.227544910179641
198,-0.00759945779647779,0.848303393213573
199,0.010036979745334,0.776447105788423
200,-0.0550389069452554,0.157684630738523
201,0.0937769134074735,0.0119760479041916
202,-0.077182831957767,0.0399201596806387
203,-0.0868728756485255,0.029940119760479
204,-0.00633185549380198,0.858283433133733
205,-0.0496842227546912,0.197604790419162
206,0.0173925256535178,0.640718562874252
207,-0.0741138330695412,0.0778443113772455
208,-0.0462671134533193,0.213572854291417
209,-0.107025005763914,0.00598802395209581
210,0.128089271154673,0.00598802395209581
211,0.14871644489156,0.00399201596806387
212,0.0911958915227815,0.0259481037924152
213,0.0072736126551609,0.82435129740519
214,-0.0122443730527222,0.726546906187625
215,-0.0720149716322711,0.0698602794411178
216,-0.121477411116117,0.00399201596806387
217,-0.135069920293391,0.00199600798403194
218,-0.0215497587000354,0.55688622754491
219,0.118264563631256,0.00399201596806387
220,-0.0704458397747369,0.0718562874251497
221,-0.112741596928545,0.00199600798403194
222,0.031972995300161,0.385229540918164
223,-0.111355254742715,0.00598802395209581
224,-0.0908104440937466,0.0159680638722555
225,0.139983573015712,0.00199600798403194
226,0.138763160493205,0.00199600798403194
227,0.0155573152354741,0.678642714570858
228,0.0410778662987591,0.311377245508982
229,-0.113967068562487,0.00399201596806387
230,-0.170712762541292,0.00199600798403194
231,0.124893222654103,0.00399201596806387
232,-0.0217263982684032,0.584830339321357
233,0.0540662528457313,0.179640718562874
234,-0.0129643643993611,0.734530938123752
235,0.00994637539796977,0.794411177644711
236,0.0279485345833373,0.447105788423154
237,0.13037264324094,0.00199600798403194
238,0.0934359452072159,0.00598802395209581
239,0.0327542287898975,0.335329341317365
240,-0.195883102621961,0.00199600798403194
241,-0.136197935067963,0.00199600798403194
242,-0.0512812199183446,0.149700598802395
243,-0.0511719404472009,0.199600798403194
244,0.0376705718904369,0.329341317365269
245,-0.108205415555958,0.00199600798403194
246,-0.051088075792006,0.163672654690619
247,0.0344161558219173,0.353293413173653
248,0.0672132227204277,0.0598802395209581
249,0.116492605108145,0.00598802395209581
250,0.0247912912812656,0.48502994011976
251,0.0365368088763324,0.335329341317365
252,0.0281971872688438,0.407185628742515
253,-0.0171253380361771,0.632734530938124
254,-0.0783095549983414,0.0399201596806387
255,0.0250706295282371,0.534930139720559
256,0.0531282012507887,0.165668662674651
257,0.0464714376891388,0.219560878243513
258,-0.0171512238049617,0.642714570858283
259,-0.0619224548892252,0.103792415169661
260,-0.114905662807606,0.00199600798403194
261,0.14022695487211,0.00199600798403194
262,0.0241210608037414,0.564870259481038
263,0.151536927387596,0.00199600798403194
264,0.035495618052358,0.337325349301397
265,-0.0720330234433396,0.0698602794411178
266,-0.0747781675807864,0.06187624750499
267,-0.0623603383302485,0.0918163672654691
268,0.171476897521443,0.00199600798403194
269,-0.072374385683302,0.0758483033932136
270,-0.0459113414727909,0.219560878243513
271,-0.0552376001646721,0.139720558882236
272,0.109607682253803,0.00399201596806387
273,0.0501219765947998,0.191616766467066
274,-0.00492442134422605,0.894211576846307
275,0.0897143874165806,0.00998003992015968
276,-0.106982823929641,0.00998003992015968
277,-0.0949026441743197,0.00798403193612774
278,-0.0637716361753881,0.12375249500998
279,0.118662474222624,0.00598802395209581
280,-0.00500323670578346,0.898203592814371
281,0.0254886313479466,0.562874251497006
282,-0.0393680125456104,0.285429141716567
283,-0.1651915465412,0.00199600798403194
284,0.0472361568192421,0.229540918163673
285,-0.155749186552475,0.00199600798403194
286,-0.139262606078746,0.00199600798403194
287,0.0120632453312319,0.764471057884232
288,-0.0759860040113142,0.0459081836327345
289,0.152402960212326,0.00199600798403194
290,-0.0915554823336672,0.00798403193612774
291,0.0667260484645778,0.0838323353293413
292,0.0833012985976475,0.0179640718562874
293,0.0625135042422065,0.0998003992015968
294,-0.113140853626489,0.00399201596806387
295,-0.00168831745731568,0.954091816367265
296,-0.00257800359446751,0.944111776447106
297,0.270640140354897,0.00199600798403194
298,0.0529503571939869,0.179640718562874
299,0.109494339818954,0.00598802395209581
300,-0.0324387023872724,0.395209580838323
301,-0.0265330796970214,0.510978043912176
302,0.0024416170511197,0.934131736526946
303,-0.0227504590949177,0.558882235528942
304,0.00485297953900566,0.898203592814371
305,0.0617907635012872,0.0898203592814371
306,0.017394342581256,0.660678642714571
307,-0.107211656693975,0.00998003992015968
308,-0.00912388036248322,0.796407185628742
309,0.161432139324945,0.00199600798403194
310,-0.0605830515286854,0.139720558882236
311,0.0292714185085036,0.500998003992016
312,0.071730732073041,0.0499001996007984
313,0.130589195116293,0.00199600798403194
314,-0.122321740705932,0.00199600798403194
315,0.0128078464871733,0.716566866267465
316,0.102774231150919,0.00798403193612774
317,0.00812670134360057,0.832335329341317
318,0.0311716820217006,0.413173652694611
319,-0.0176721429733004,0.630738522954092
320,0.0285532302669438,0.397205588822355
321,0.0761924291758113,0.0439121756487026
322,0.0465967260915054,0.243512974051896
323,0.00865846053366268,0.826347305389222
324,0.0520468462425341,0.149700598802395
325,-0.194720916886644,0.00199600798403194
326,-0.0341491909869338,0.341317365269461
327,-0.0858557016108645,0.029940119760479
328,0.0256276029633009,0.500998003992016
329,-0.0367009978389456,0.313373253493014
330,0.101583225684943,0.0179640718562874
331,0.177748467898732,0.00199600798403194
332,-0.0695321634742751,0.0558882235528942
333,0.0105315084007143,0.800399201596806
334,0.0114611680332593,0.736526946107784
335,0.0734176095856072,0.0578842315369262
336,0.0469933752911357,0.187624750499002
337,-0.167019101139811,0.00199600798403194
338,0.0140737747884409,0.722554890219561
339,-0.0272066899436183,0.487025948103792
340,-0.108622440663796,0.0119760479041916
341,-0.0219636199422344,0.538922155688623
342,0.102955019349322,0.0119760479041916
343,-0.0400130464708987,0.283433133732535
344,-0.0733923248335125,0.0658682634730539
345,0.117485820790113,0.00199600798403194
346,0.0653429036582037,0.0718562874251497
347,-0.045554268951936,0.253493013972056
348,0.0626785523033353,0.0918163672654691
349,0.0531598656316295,0.163672654690619
350,0.00135854204294974,0.982035928143713
351,0.0713210565689481,0.0558882235528942
352,-0.025165350210457,0.536926147704591
353,0.0143131647136814,0.708582834331337
354,-0.118108925844156,0.00399201596806387
355,0.024093812082306,0.48502994011976
356,0.0402139704557931,0.281437125748503
357,0.0935124219551976,0.0119760479041916
358,0.0727301421547361,0.0339321357285429
359,0.0980571689965774,0.0139720558882236
360,0.0929438763572742,0.0359281437125748
361,-0.182916025579374,0.00199600798403194
362,0.051272599271528,0.171656686626747
363,0.00705072785589518,0.862275449101796
364,0.0853358457993481,0.063872255489022
365,0.0319196508482177,0.387225548902196
366,-0.000353210299065993,0.994011976047904
367,-0.0674058724818195,0.0798403193612774
368,-0.109665152250646,0.00598802395209581
369,0.108477847188452,0.00399201596806387
370,-0.00431252619133687,0.916167664670659
371,0.125939388298204,0.00598802395209581
372,0.0416888326453481,0.283433133732535
373,0.0511413841358126,0.213572854291417
374,0.188854976691897,0.00199600798403194
375,0.0203365884533647,0.610778443113772
376,-0.0054170121595676,0.874251497005988
377,0.101901678091534,0.00798403193612774
378,0.0974676799120218,0.00998003992015968
379,0.00326275472967852,0.924151696606786
380,-0.090006719867031,0.0199600798403194
381,0.000948057989495711,0.99001996007984
382,0.0912877869817834,0.0119760479041916
383,-0.00603296404334792,0.894211576846307
384,0.101112378225363,0.00998003992015968
385,0.0878943114579963,0.0159680638722555
386,0.0929581596065105,0.0159680638722555
387,-0.0827612916035329,0.0259481037924152
388,0.0342539459113896,0.379241516966068
389,-0.0685663428021978,0.0758483033932136
390,0.0336704286002366,0.363273453093812
391,0.033735597396664,0.379241516966068
392,0.0961960215809067,0.00998003992015968
393,-0.0436947195732583,0.241516966067864
394,-0.0578590312243982,0.141716566866267
395,0.0777549103099676,0.0459081836327345
396,-0.0165329089649395,0.682634730538922
397,-0.155100146833194,0.00199600798403194
398,0.192420426962057,0.00199600798403194
399,-0.00747248733826593,0.870259481037924
400,0.0821531277620505,0.0359281437125748
401,-0.0918449801836581,0.0119760479041916
402,-0.0769355677603962,0.0499001996007984
403,0.0964714183268207,0.0159680638722555
404,-0.0323703281203338,0.385229540918164
405,0.0130159717288899,0.708582834331337
406,-0.0219664784770529,0.584830339321357
407,0.00877942484618464,0.81437125748503
408,-0.0662442840698854,0.0578842315369262
409,-0.0528223496690796,0.165668662674651
410,-0.000482545049963374,0.99001996007984
411,0.108430155264536,0.00399201596806387
412,-0.0556665674510359,0.145708582834331
413,0.0597783250905139,0.11377245508982
414,0.117026838994176,0.00399201596806387
415,-0.0351423275190014,0.305389221556886
416,0.05681028447463,0.145708582834331
417,-0.0568562022147021,0.153692614770459
418,-0.0856764481349878,0.0219560878243513
419,0.0370475219922029,0.321357285429142
420,-0.17300451334944,0.00199600798403194
421,-0.145394609673067,0.00399201596806387
422,-0.109449220589789,0.00399201596806387
423,0.0817255804562208,0.029940119760479
424,-0.0125339199830143,0.740518962075848
425,0.135895589358116,0.00399201596806387
426,0.128012990079766,0.00199600798403194
427,0.0157534565192438,0.714570858283433
428,-0.0467060107867571,0.25748502994012
429,0.219353574699262,0.00199600798403194
430,-0.011544943440143,0.758483033932136
431,0.105411832745605,0.0139720558882236
432,-0.0536278808760932,0.181636726546906
433,-0.0120184749907051,0.774451097804391
434,0.0367852397274081,0.305389221556886
435,-0.178637083468359,0.00199600798403194
436,-0.0495518069346391,0.239520958083832
437,-0.122750554851984,0.00199600798403194
438,-0.0339044490143816,0.321357285429142
439,-0.0555843962887569,0.121756487025948
440,0.0717059218493927,0.0499001996007984
441,-0.0110075958738393,0.778443113772455
442,-0.0738147168946567,0.093812375249501
443,0.0587530674746673,0.143712574850299
444,-0.0516392683720987,0.211576846307385
445,-0.00951624980163499,0.828343313373254
446,-0.0297526721356468,0.397205588822355
447,-0.0851477823220979,0.0379241516966068
448,-0.0180065467294832,0.644710578842315
449,0.0312983122862825,0.397205588822355
450,0.0599150907746758,0.101796407185629
451,0.0420034067633618,0.25748502994012
452,-0.026491022398638,0.540918163672655
453,-0.0273005917459278,0.520958083832335
454,-0.160979415925294,0.00199600798403194
455,-0.128790348630833,0.00199600798403194
456,0.0779389918767257,0.0259481037924152
457,-0.0116801032169576,0.776447105788423
458,-0.112539738207636,0.00199600798403194
459,-0.0681868154509906,0.093812375249501
460,-0.0419146371304868,0.235528942115768
461,0.0236978501098549,0.493013972055888
462,0.0423453399027251,0.293413173652695
463,-0.0460637119903832,0.2375249500998
464,-0.059546388951729,0.115768463073852
465,-0.146972253702066,0.00199600798403194
466,0.0870983956545576,0.0179640718562874
467,0.224151509342066,0.00199600798403194
468,-0.112538541460465,0.0119760479041916
469,0.0101870007197982,0.81437125748503
470,-0.0365842394301315,0.367265469061876
471,0.0765525767058843,0.0399201596806387
472,-0.101063893249342,0.0159680638722555
473,-0.106045238745571,0.00998003992015968
474,-0.0659385402221296,0.0898203592814371
475,0.247945453563311,0.00199600798403194
476,0.100127688857984,0.00399201596806387
477,-0.00288193882806848,0.93812375249501
478,0.0621945115748098,0.0798403193612774
479,-0.0431449412892044,0.297405189620758
480,0.16578482902738,0.00199600798403194
481,-0.0302361021529497,0.43313373253493
482,0.0415781066182081,0.255489021956088
483,-0.126024896657926,0.00199600798403194
484,0.000188697875044213,1
485,0.0854765189070159,0.0279441117764471
486,0.116349747968659,0.00399201596806387
487,0.0708286333778853,0.0678642714570858
488,0.0671603193425525,0.0818363273453094
489,0.0346997062826876,0.37125748502994
490,-0.0178866872079779,0.668662674650699
491,-0.160037211616688,0.00199600798403194
492,-0.0209195819051934,0.584830339321357
493,0.101255968079942,0.0139720558882236
494,0.0734721417843107,0.0658682634730539
495,-0.182760077361185,0.00199600798403194
496,0.0255716150719218,0.544910179640719
497,0.042190906951159,0.255489021956088
498,0.0132956781696468,0.75249500998004
499,0.0197236440015703,0.592814371257485
500,-0.0400685108287214,0.279441117764471
501,0.142294128366076,0.00199600798403194
502,-0.0801786985853192,0.0239520958083832
503,0.0280557224591199,0.48502994011976
504,0.0717660976026069,0.0658682634730539
505,0.00769630073712395,0.82435129740519
506,0.00347259703219384,0.914171656686627
507,-0.0745076829486138,0.0538922155688623
508,-0.0685944229501294,0.109780439121756
509,-0.0428230825600751,0.271457085828343
510,0.00961554221647217,0.800399201596806
511,0.0249556529182856,0.526946107784431
512,-0.0246831585499429,0.520958083832335
513,0.0689671806881277,0.0798403193612774
514,0.0461346384663488,0.235528942115768
515,-0.0440472291146247,0.225548902195609
516,-0.15525415173793,0.00199600798403194
517,-0.0193550642134045,0.6187624750499
518,0.0120191067140673,0.768463073852295
519,0.048205873597974,0.227544910179641
520,0.126479894467729,0.00199600798403194
521,0.0687351991879199,0.0958083832335329
522,-0.0779398381577694,0.0479041916167665
523,-0.00130769271089311,0.980039920159681
524,0.0125474889813188,0.758483033932136
525,0.0298769044736453,0.445109780439122
526,0.127573435456182,0.00199600798403194
527,-0.0277661914516225,0.471057884231537
528,-0.0115706867500882,0.760479041916168
529,0.0450068902904106,0.221556886227545
530,-0.0899800687000528,0.0199600798403194
531,0.0126070863324472,0.728542914171657
532,0.074299916227959,0.0578842315369262
533,0.00181268320037376,0.962075848303393
534,0.101033576367267,0.00399201596806387
535,-0.0595590086459344,0.141716566866267
536,-0.0352550493287977,0.307385229540918
537,0.0486252802042938,0.191616766467066
538,0.123451376032644,0.00399201596806387
539,0.0110971159419688,0.778443113772455
540,0.148879224643553,0.00199600798403194
541,-0.0961087318680501,0.0159680638722555
542,0.00627412303739914,0.874251497005988
543,0.0829269149003371,0.0399201596806387
544,0.0219788918232615,0.536926147704591
545,0.0821920467762599,0.0379241516966068
546,0.0109784647092256,0.81437125748503
547,-0.0727844265864133,0.0578842315369262
548,0.014545643647338,0.704590818363273
549,-0.0435316317782646,0.231536926147705
550,0.0539560201603761,0.165668662674651
551,-0.0342398372966083,0.389221556886228
552,-0.0272696060181787,0.483033932135729
553,-0.0051923934342632,0.898203592814371
554,-0.0144677309352481,0.70059880239521
555,0.0530242309587898,0.187624750499002
556,0.0311320148229973,0.429141716566866
557,-0.0592089652778589,0.149700598802395
558,-0.0671463140844932,0.0798403193612774
559,0.0654402281991256,0.0678642714570858
560,0.0359267547830718,0.305389221556886
561,0.0745164930471402,0.0399201596806387
562,0.0544538297241989,0.149700598802395
563,-0.0151717822344649,0.712574850299401
564,-0.0582563105260599,0.119760479041916
565,0.0398193489200135,0.321357285429142
566,0.0214787208678044,0.546906187624751
567,0.153679608156164,0.00199600798403194
568,0.0965071331324678,0.00998003992015968
569,0.0420710508492426,0.241516966067864
570,0.0650102265444381,0.0978043912175649
571,0.0616671461814069,0.119760479041916
572,0.0374421766700596,0.357285429141717
573,0.051231235248504,0.18562874251497
574,-0.013848722302337,0.748502994011976
575,0.104052420173193,0.00998003992015968
576,-0.0123216656007399,0.74251497005988
577,-0.0948252306923423,0.0139720558882236
578,-0.0860681975015517,0.0279441117764471
579,0.0785735703918046,0.0558882235528942
580,0.0494281773229599,0.213572854291417
581,-0.103482730756142,0.00399201596806387
582,0.151108475340986,0.00199600798403194
583,0.0411600512193706,0.301397205588822
584,0.00981720418635051,0.794411177644711
585,0.09567908086405,0.0139720558882236
586,-0.125378066915014,0.00598802395209581
587,-0.125653343560068,0.00199600798403194
588,0.000521389656878913,0.982035928143713
589,-0.0257804160944622,0.502994011976048
590,-0.00834591293241055,0.842315369261477
591,0.0928912339141561,0.0139720558882236
592,0.102385571739256,0.00598802395209581
593,-0.233790386789633,0.00199600798403194
594,0.0425739248766209,0.291417165668663
595,0.128299567928572,0.00598802395209581
596,-0.00374423989378055,0.908183632734531
597,-0.0596391047746816,0.0998003992015968
598,-0.0162321147574473,0.678642714570858
599,0.0731667124278026,0.0578842315369262
600,0.103813611288252,0.00399201596806387
601,0.0802009822833512,0.0518962075848303
602,-0.190963551173438,0.00199600798403194
603,-0.0412156420406082,0.267465069860279
604,0.0411803882982554,0.289421157684631
605,0.0794921159079171,0.0379241516966068
606,0.00152456371112324,0.974051896207585
607,0.078535542509878,0.063872255489022
608,-0.051287592560935,0.187624750499002
609,-0.0646493392583664,0.107784431137725
610,-0.000141573298731327,0.994011976047904
611,0.0610211478540061,0.13373253493014
612,0.0172923486447376,0.650698602794411
613,0.0961730301622655,0.00798403193612774
614,0.152360252710664,0.00199600798403194
615,-0.0566856351961759,0.121756487025948
616,-0.0225823437655951,0.590818363273453
617,-0.126523135857817,0.00199600798403194
618,0.0042228788045722,0.908183632734531
619,-0.116032658383374,0.00798403193612774
620,0.140078547856747,0.00199600798403194
621,-0.0370290081512895,0.315369261477046
622,-0.0236888777071718,0.508982035928144
623,0.0201689652948837,0.602794411177645
624,-0.105386069947529,0.00199600798403194
625,0.0723693618318814,0.0558882235528942
626,0.0861412009324541,0.0259481037924152
627,-0.148086590870748,0.00199600798403194
628,0.129061214630018,0.00199600798403194
629,0.0304083872405817,0.439121756487026
630,0.0365843745765024,0.337325349301397
631,0.0751207688523126,0.063872255489022
632,-0.0893605298254049,0.0179640718562874
633,-0.0511199362012809,0.161676646706587
634,-0.128083807941696,0.00199600798403194
635,-0.0544499818633165,0.161676646706587
636,-0.0706374559537151,0.0558882235528942
637,-0.0423359712013771,0.279441117764471
638,0.00120552228186931,0.978043912175649
639,0.109566263160903,0.00399201596806387
640,-0.100488461587042,0.0139720558882236
641,0.0286294140599116,0.441117764471058
642,-0.0427455853255077,0.253493013972056
643,-0.062004158493787,0.103792415169661
644,0.0694266206289715,0.0918163672654691
645,0.00209012651570478,0.968063872255489
646,0.0226390591337984,0.536926147704591
647,0.039323761284474,0.29940119760479
648,-0.19465167405764,0.00199600798403194
649,0.0433180216059471,0.241516966067864
650,-0.141157182517911,0.00199600798403194
651,0.0225294502352312,0.562874251497006
652,-0.0309757782532523,0.37125748502994
653,-0.0961688184586325,0.00598802395209581
654,-0.0323109265980898,0.465069860279441
655,0.0116630892871598,0.760479041916168
656,-0.0136713575766836,0.732534930139721
657,-0.0317440192700096,0.413173652694611
658,0.0995092530941088,0.00998003992015968
659,-0.0444438388901375,0.279441117764471
660,0.0712289353804594,0.0698602794411178
661,0.0109028807420011,0.768463073852295
662,0.00380375113509361,0.922155688622755
663,0.0274656061357795,0.506986027944112
664,0.0614800619198768,0.125748502994012
665,-0.00120468798980521,0.968063872255489
666,-0.0180696067422765,0.686626746506986
667,-0.0169021924568201,0.678642714570858
668,0.137858564130776,0.00399201596806387
669,-0.0849929761634313,0.0179640718562874
670,0.0734706195876616,0.0818363273453094
671,-0.0792241845643572,0.0379241516966068
672,0.0603109674983685,0.103792415169661
673,0.00994250388430699,0.802395209580838
674,0.140312508989155,0.00199600798403194
675,-0.0524965046082195,0.17564870259481
676,-0.12002919820936,0.00199600798403194
677,6.65051322134197e-05,1
678,-0.0779987372018898,0.0518962075848303
679,0.030901302780198,0.44311377245509
680,0.12337200951998,0.00399201596806387
681,-0.0502201482745924,0.205588822355289
682,0.0291293627300129,0.451097804391218
683,-0.0934720338003548,0.0219560878243513
684,-0.181308833241585,0.00199600798403194
685,0.0706808410726935,0.0818363273453094
686,-0.0673996761028545,0.0898203592814371
687,0.0800649181054848,0.029940119760479
688,-0.00530246780070832,0.882235528942116
689,0.123815096510642,0.00199600798403194
690,0.0348468968601376,0.303393213572854
691,0.148078395238694,0.00199600798403194
692,-0.163937014858222,0.00199600798403194
693,0.0803175986833273,0.0439121756487026
694,-0.103395278829531,0.00598802395209581
695,0.0172594261981863,0.69061876247505
696,0.0714786389227585,0.0698602794411178
697,-0.0553464872510803,0.11377245508982
698,0.0755431823122423,0.0419161676646707
699,-0.0154522169588107,0.662674650698603
700,-0.0524321434833333,0.205588822355289
701,-0.0451132578184855,0.267465069860279
702,-0.128266015037235,0.00199600798403194
703,0.0744061447632147,0.0538922155688623
704,0.0640067820660506,0.0978043912175649
705,0.0154988143314273,0.674650698602794
706,0.043120790181856,0.263473053892216
707,-0.0413589863766676,0.329341317365269
708,0.118848982264939,0.00399201596806387
709,0.141184708121771,0.00199600798403194
710,-0.0274814940073447,0.510978043912176
711,0.0220527079353354,0.542914171656687
712,-0.0818365728577131,0.0199600798403194
713,-0.0362955321302331,0.329341317365269
714,-0.0046962015763674,0.914171656686627
715,0.0326812867979061,0.355289421157685
716,0.0930656485540719,0.0199600798403194
717,-0.111089402462038,0.00998003992015968
718,-0.0547429524295984,0.151696606786427
719,-0.0106619599289175,0.800399201596806
720,-0.120362699833775,0.00399201596806387
721,-0.00879329394863332,0.82435129740519
722,-0.0143138447442482,0.710578842315369
723,0.174869152470408,0.00199600798403194
724,0.00249413681665351,0.94810379241517
725,0.0877741965732488,0.029940119760479
726,-0.0770485434845412,0.0479041916167665
727,-0.0373582157377593,0.363273453093812
728,-0.100778025776216,0.00798403193612774
729,-0.0287123615381272,0.500998003992016
730,4.02246842331398e-05,0.998003992015968
731,-0.0358202397020344,0.351297405189621
732,0.0363144963486543,0.383233532934132
733,-0.0964339243706786,0.00998003992015968
734,0.0316093207046847,0.405189620758483
735,-0.0483940535743174,0.209580838323353
736,0.0854764108252988,0.0259481037924152
737,0.067002353396166,0.0538922155688623
738,-0.0349479081025002,0.337325349301397
739,-0.0847681756894361,0.0199600798403194
740,0.0900201373840769,0.0179640718562874
741,0.00689411760288849,0.868263473053892
742,-0.139376050583702,0.00199600798403194
743,-0.118881614141818,0.00399201596806387
744,-0.0751052223964158,0.0558882235528942
745,0.236736256749986,0.00199600798403194
746,-0.0406442987863185,0.25748502994012
747,0.0303545348514702,0.42315369261477
748,0.18051509190577,0.00199600798403194
749,-0.0347306116188926,0.365269461077844
750,-0.0437549916473975,0.239520958083832
751,-0.0922541276192223,0.0179640718562874
752,0.0635946290595808,0.101796407185629
753,0.153696143170215,0.00199600798403194
754,0.0672049587800895,0.0758483033932136
755,0.108234468629007,0.00399201596806387
756,0.112590575790375,0.00598802395209581
757,0.00499909200678182,0.890219560878243
758,-0.0482644955101868,0.181636726546906
759,-0.0386429887797998,0.315369261477046
760,0.197561539614018,0.00199600798403194
761,-0.000957717650629626,0.984031936127745
762,0.0889451291516163,0.0399201596806387
763,0.116597883981155,0.00399201596806387
764,-0.121222098759584,0.00998003992015968
765,-0.00788219934038514,0.856287425149701
766,0.0603804409309366,0.119760479041916
767,-0.035498256229123,0.349301397205589
768,-0.0101279302850378,0.790419161676647
769,0.0353213919321256,0.327345309381238
770,-0.112008067953471,0.00798403193612774
771,-0.0114114784928971,0.772455089820359
772,0.046405310401254,0.245508982035928
773,-0.0634203127639011,0.0858283433133733
774,-0.0260611079661226,0.497005988023952
775,-0.209363627761925,0.00199600798403194
776,0.0107918576711176,0.7624750499002
777,-0.0498239848423063,0.173652694610778
778,0.00736935264786488,0.864271457085828
779,0.00217786547450727,0.956087824351297
780,0.0798469525778565,0.0538922155688623
781,-0.0520900078702873,0.159680638722555
782,0.150863046402487,0.00199600798403194
783,0.0485870322909235,0.197604790419162
784,-0.0308335680295612,0.411177644710579
785,-0.0709383058796982,0.063872255489022
786,-0.021071816277893,0.622754491017964
787,0.0741160503098948,0.0778443113772455
788,0.0702141658894641,0.0538922155688623
789,0.00619319033722448,0.860279441117764
790,0.0123632400061192,0.758483033932136
791,-0.0973146662739415,0.0199600798403194
792,-0.00840450716976254,0.860279441117764
793,-0.00562871211765647,0.872255489021956
794,-0.106784069542587,0.00598802395209581
795,0.0120238675994869,0.756487025948104
796,0.13269913399231,0.00199600798403194
797,0.0342819682526899,0.353293413173653
798,0.0741526253830165,0.0558882235528942
799,0.103560761547659,0.0119760479041916
800,0.0416369482323944,0.279441117764471
801,-0.0914595358062908,0.0119760479041916
802,0.00583139450258439,0.890219560878243
803,0.0664868734216338,0.0718562874251497
804,-0.0802128481337942,0.0379241516966068
805,0.126909063885405,0.00199600798403194
806,0.071083509989695,0.0698602794411178
807,0.14654188702688,0.00199600798403194
808,-0.127892261701411,0.00199600798403194
809,0.00151502125110029,0.962075848303393
810,-0.00212981283839735,0.962075848303393
811,-0.0774197959406679,0.0419161676646707
812,0.0486267123054819,0.19560878243513
813,0.0033858697090886,0.920159680638723
814,0.0424253868571867,0.275449101796407
815,-0.0315101558249035,0.403193612774451
816,-0.0427509277648,0.275449101796407
817,0.0463138292247918,0.229540918163673
818,0.0962523264767978,0.0159680638722555
819,-0.0524771678801228,0.187624750499002
820,0.077683904915467,0.0379241516966068
821,0.122204028403687,0.00199600798403194
822,0.0426220163280838,0.255489021956088
823,0.0443803583197519,0.251497005988024
824,0.0809234763088272,0.031936127744511
825,0.0382268192465009,0.311377245508982
826,0.0751286894868406,0.0499001996007984
827,-0.0337652192128162,0.399201596806387
828,-0.0403418730844524,0.293413173652695
829,-0.0256027973860732,0.473053892215569
830,-0.142564970835719,0.00199600798403194
831,-0.118251201774684,0.00199600798403194
832,-0.0518702584034427,0.157684630738523
833,-0.0348344675519343,0.387225548902196
834,-0.171518597971522,0.00199600798403194
835,-0.0866064790857168,0.0159680638722555
836,-0.00115444465953659,0.970059880239521
837,-0.00750595478009257,0.826347305389222
838,-0.122137316245788,0.00199600798403194
839,0.207581977306183,0.00199600798403194
840,0.00388962688648851,0.934131736526946
841,-0.109226790840071,0.00798403193612774
842,-0.0201437928142764,0.560878243512974
843,-0.0153540152492324,0.652694610778443
844,-0.0370885228804336,0.313373253493014
845,0.0159979714272767,0.674650698602794
846,0.0231065813622848,0.56686626746507
847,0.069075418029054,0.0598802395209581
848,-0.0568445236470463,0.157684630738523
849,-0.184323527544339,0.00199600798403194
850,0.0561670216504636,0.179640718562874
851,0.0301234466605884,0.417165668662675
852,-0.20659671550322,0.00199600798403194
853,-0.171603429953142,0.00199600798403194
854,-0.0965907087523054,0.00798403193612774
855,0.0165837679188867,0.704590818363273
856,0.0864147886861941,0.0239520958083832
857,-0.0106812406719648,0.770459081836327
858,0.0320588249103942,0.389221556886228
859,-0.0782780887325143,0.0578842315369262
860,0.0831028987269714,0.031936127744511
861,0.0513424406498181,0.161676646706587
862,-0.140600286977422,0.00199600798403194
863,-0.0513438258363419,0.163672654690619
864,-0.0585616625445355,0.145708582834331
865,0.0293122852260981,0.469061876247505
866,-0.117530971753663,0.00199600798403194
867,-0.163279459785556,0.00199600798403194
868,0.201272103936504,0.00199600798403194
869,0.0619017896086294,0.101796407185629
870,-0.196858221667589,0.00199600798403194
871,0.0924858604250436,0.0159680638722555
872,0.0897751661468753,0.0219560878243513
873,0.084940838497442,0.029940119760479
874,0.100504665610757,0.0159680638722555
875,0.0653944341195479,0.12375249500998
876,-0.0822470052434957,0.0239520958083832
877,-0.0477697849575689,0.177644710578842
878,-0.17843633349709,0.00199600798403194
879,0.157223567425662,0.00199600798403194
880,0.0597213665720644,0.093812375249501
881,0.0662669780577434,0.0698602794411178
882,0.106481586463827,0.00399201596806387
883,-0.144147623386454,0.00199600798403194
884,-0.021455866258745,0.532934131736527
885,0.0195875507295024,0.630738522954092
886,-0.0575857550823095,0.101796407185629
887,-0.0359320790222308,0.383233532934132
888,-0.0215543024035098,0.564870259481038
889,-0.0293384697704809,0.449101796407186
890,0.00705417220652439,0.86626746506986
891,0.00879727298275992,0.826347305389222
892,-0.0527917689187346,0.139720558882236
893,-0.0160213267375731,0.636726546906188
894,0.0500737487199433,0.215568862275449
895,-0.0483222995031975,0.227544910179641
896,-0.0197628947199409,0.588822355289421
897,-0.127339300694936,0.00199600798403194
898,0.100706526966372,0.00798403193612774
899,0.0203905284944011,0.602794411177645
900,-0.00861023176023046,0.806387225548902
901,-0.124898327591416,0.00199600798403194
902,-0.0599450836496353,0.12375249500998
903,0.050951355013744,0.179640718562874
904,-0.0988182826688224,0.0119760479041916
905,0.0217300062956137,0.540918163672655
906,-0.0317630143187124,0.427145708582834
907,0.199269905587132,0.00199600798403194
908,0.188959880739043,0.00199600798403194
909,0.0536158413617926,0.189620758483034
910,-0.01892806357242,0.598802395209581
911,-0.0693703902508146,0.0698602794411178
912,-0.0763276024040031,0.0459081836327345
913,-0.1987494727067,0.00199600798403194
914,-0.0362284184082405,0.363273453093812
915,0.0624667740318786,0.105788423153693
916,-0.0429241335541283,0.243512974051896
917,-0.0765968342699005,0.0479041916167665
918,0.0919186975102186,0.0139720558882236
919,-0.041891188435624,0.287425149700599
920,0.0100798070462922,0.810379241516966
921,0.233950190784036,0.00199600798403194
922,0.0892941357718822,0.0219560878243513
923,-0.136509509656745,0.00199600798403194
924,0.0915737052117057,0.0119760479041916
925,0.19363016257479,0.00199600798403194
926,-0.114250234464268,0.00598802395209581
927,-0.192568240594722,0.00199600798403194
928,0.0255763700947685,0.542914171656687
929,-0.00966868784272916,0.822355289421158
930,0.00780240209424336,0.838323353293413
931,-0.0478118396634165,0.221556886227545
932,0.0188370135062852,0.62874251497006
933,-0.00609818531279388,0.864271457085828
934,-0.0637720457060517,0.093812375249501
935,-0.165934353906974,0.00199600798403194
936,0.0258248329241045,0.477045908183633
937,0.0566696465535283,0.151696606786427
938,-0.045673662783582,0.245508982035928
939,-0.034110303197262,0.403193612774451
940,-0.111076437720704,0.00399201596806387
941,0.244579209266431,0.00199600798403194
942,-0.118594531268045,0.00399201596806387
943,0.116473967876237,0.00199600798403194
944,-0.0891586993320555,0.0179640718562874
945,0.023750958621805,0.540918163672655
946,-0.0827805184795322,0.0239520958083832
947,-0.0489688200486309,0.199600798403194
948,-0.0572478514559833,0.143712574850299
949,-0.0884177785661477,0.0219560878243513
950,-0.0212108458646019,0.558882235528942
951,0.277799281613266,0.00199600798403194
952,-0.125001942440325,0.00399201596806387
953,-0.0214913523135895,0.602794411177645
954,-0.0220514203066985,0.562874251497006
955,-0.0413524817116701,0.295409181636727
956,0.00131044809203555,0.982035928143713
957,0.0110938302323162,0.770459081836327
958,0.156939589252805,0.00199600798403194
959,0.0102517249107936,0.802395209580838
960,-0.0412762672294373,0.311377245508982
961,0.0481180637856874,0.191616766467066
962,0.103150205824075,0.00798403193612774
963,0.0834697113672866,0.0359281437125748
964,0.0955177829733467,0.00998003992015968
965,0.157182333865711,0.00199600798403194
966,-0.0983431556369934,0.0139720558882236
967,-0.176720827112869,0.00199600798403194
968,0.108899850966859,0.00199600798403194
969,-0.197797219818019,0.00199600798403194
970,-0.0958432972124998,0.0179640718562874
971,0.112021191520687,0.00598802395209581
972,0.135164699885095,0.00399201596806387
973,0.0247175054647112,0.499001996007984
974,0.0965981415565909,0.00598802395209581
975,0.0378555572157785,0.303393213572854
976,-0.013926855284357,0.720558882235529
977,-0.0994980039631163,0.00598802395209581
978,0.0311523871197242,0.379241516966068
979,-0.106298160495308,0.0139720558882236
980,-0.143875691126738,0.00199600798403194
981,-0.0167308261980615,0.678642714570858
982,0.0904616010511998,0.0199600798403194
983,0.0139528912323332,0.710578842315369
984,0.00163968171052067,0.966067864271457
985,0.124787058790932,0.00199600798403194
986,0.0198400208717888,0.602794411177645
987,-0.011768351077246,0.75249500998004
988,0.0235736112376388,0.546906187624751
989,-0.0214867673797823,0.570858283433134
990,-0.0694490450551499,0.0758483033932136
991,0.278322770556383,0.00199600798403194
992,-0.0184767763557699,0.672654690618762
993,-0.116482470901147,0.00199600798403194
994,0.00767282885487922,0.862275449101796
995,0.0214658347972091,0.590818363273453
996,-0.209626046814827,0.00199600798403194
997,-0.15352664567712,0.00199600798403194
998,0.0871796667252766,0.0339321357285429
999,0.00975667535866337,0.784431137724551
1000,0.0820355885132679,0.0179640718562874
